bacteroides;WPAGTYVSNEK,AKEDFLADVAK,LDSYDAFQLR,YEGLELLNAK,LLDQNEEYTFK,IEQVAAVSANNDPTIGK,GQPAVFQGEK,LTTQTDNHNYR,YTAQDWEGFQELVSK,FFDGNPQDNYPDQLEK,DGVITIEEAK,ESNFAGTGWASQGAYPTVK,DAAATAVYGPR,AGAVTNVDAAR,GALVEIESIAVR,LEAAIGIPEDQLR,ATGSASFNQTLSEK,GQDDEELFEYAMHPAQYEAYK,FAINNVPADAK,SVAYGNTYDESYDYLK,FSGDFELVNPVDNR,VLTVDVNGQAYR,VTGVVTQQASGAPGENAR,VEVAAPGMTK,AELEAINFFER,SANVVYTYDGNTGER,VTYNYANK,TLTVQVDGQAYR,EVELADAYQNTGAQLVK,YASLNPLFAK,ELQVYVTTINSDGSITK,YMNQQLK,FANDANTQVCDDK,VDTYVNAK,STGANTANEALGNLYIK,EVSLSYVFPSQTLK,ANDGVVLVTTK,LIGSSDVFTWVNR,NLLTSFAGESQAR,KWETGQDDEELFEYAMHPAQYEAYK,FELPIYPELK,ALLDIIGTDALTK,NLEVGQEVITAGGIYGK,GVELSLGGMPVSTK,ALTDIIGTDALTK,GAIAPSIFGNISDHR,VAVKPVVRPVSAAPAAPTAPVVKPAAASTGK,TNNASLVSSSIK,DTYSDAAQWDEK,TGVTNTTNVSFSK,AEPIAATLYQK,AITDYYPQK,VIASSYDDR,VAELTWDQIR,LQIQFYEPK,KGDVDVIK,GPVASICYQGLMR,VYENPYVGDGTAGPGR,PASTSPAPAPTTVVK,LNYNVYPTK,TAATTPAAPPPAVSR,GAVVALPYGVEGFATPK,FFNGNPQDNYPDALDK,TAGVDITSSQR,MEIHIGDR,GVNPDEVVAVGAAVQGAVLTDEIK,VTVAYGDIDLPASATDK,YFEGDFPAR,ADPWETIEEK,NSIFANAASNQQQAK,VYAAAQNLFTFTGYK,PAATSAPAAPATPVVKPAAASTGK,AVVKPVVRPVSTSPAPAPATVVKPAATSTGK,ANATAPAINVVESDKDYK,YSFYENK,VPIDAASGYSYQFQNVGK,LGWGMTGQQAGEK,AQSETVGDNYDK,AFGETVEVASSEK,AEEVSSEVAGK,LVPPPLEFAVLDAVMEK,LNDNFSFITK,ESEPDIYAAIK,IADGVIATSELPTVNSANAAYAPDAFQR,YAEGYPGK,ANATAPAINVVESDK,SDEEINAAFDTDAK,DAATAASLATSK,EVELSDPFQNTGAQLVK,VTIGDIEDNIAHVEVNGTPYK,PLLDIIGTPALTK,GYYQDYNVNLQGR,AKEDFLADVK,IGVFQTNFYDQMER,ELDGAIIDGQGASSYK,LVVDVTSLGLGK,IEGNTPISLR,FDYALGFK,ASFTGAAAIIGEDVIAK,VTVAFGDVNPSK,LTTDFTLEQK,VEGNNQTIAYK,GYQTTYGYNR,PVSTSPAPAPATVVKPAATSTGK,VIQASQALYNNASDDEK,KPTDIPDADR,EGEPTQSVADQEEIK,EFIANPNNDENLPEK,IEAGIIHVGDEVEILGLGEDK,VSVGFTNQEGILK,FQQSLYLPDNVDK,IINVLGSENK,DEDLFFLGLK,AGDAAAALKPGEVLLLENLR,AEANVQLNK,VTVAYGDTELPAAPAGAAAAPAGEGK,EQLENFEPDFVVYNASK,VDYDQMEEIALR,VPGLVVSQTASGPSGSTR,IETEVDAK,GGDLDNAIVIYEK,VEGSETIESDSSAPDGK,ASFDYVPEMAK,IAELDEAVMDLNK,AGTPLSDGAITPADILAIK,ANAGAAHNFSTQK,EASEGELAGVLGYTEDAVVSSDFLGDTR,GLAQSIDFTGGR,VLDVIDLEQPR,TTLGVNIADLR,AVVKPVVRPVSTSPAPAPATVVK,VAGVEISGSDGGLFGGTK,IQQAGDISPTVVAGGMK,NDNKPVTTETWNVLK,VLSNDELLYAATLTNDNAR,EEYGIEPAAAAVAVAAGPAAAGAAAAEEK,AVVKPVVR,YEGIYTAEDFIEGK,YPMTNDDPTLAGTER,VELVSGDGLK,YTYFASVAK,LTASIDAYYR,ALYNVIPER,NATVEVTPVLR,VVALPDNGLER,IADITLVGK,EFIANPYDDENLPEK,VNDGVLTIELPK,PVSTSPAPAPATVVK,AAVDILTAGK,GDNADETTGIEIIK,LLATSETPYYLYVK,ELAPNFTQSK,VAATGASTDAGAMDAIK,LEAAIGIPEEQLR,ISPNFSISLGK,NSELNSDDIK,DFVGNYTVQGAYAGSK,GNVLATDSVK,NQAWQNIGSLENK,VLGFSDFQIAR,TSTESEPVYTGGK,GGTNFDGSGSPLILVDGQVR,ISNMTLGYTVPVNLTK,HVQGTDITR,YPQYIYGDPNK,APTDNDFGAGLQNK,MDVSGLSYAQLVQEGK,NAAVLAQALIDR,SLGDSYGDGVAR,DVLSPLEGK,GPVASIYYQGLMR,LTANYDIIGR,FPGATFVPGR,VGGSIISSQK,LQEVAAATMVGGATLTK,IAGITTLTNDANAYK,AQGGVEEMQR,PLYGGEEGYNK,LPVASMSEGLGGR,FFTGNPQDNYPDQLEK,FADIADEEGFPAIAK,DASAAAIYGTR,FNGTIEADVENSK,VGESYGVLMSDVTQAR,ADMLYAEIDR,EGTLESQSAADK,GQDGLLAFGTDTYK,AFVGSADIDYK,LFANPYNAAK,AAYLNTGVWAK,ENQYLEDSDPNK,VLGGFGTNLSWK,SVVSYGGVQAGYLEK,FAEVSEVQDYIYQER,PAATSAPAAPATPVVK,ELFANPDVDGGLIGGAALK,REEAPAIQNQAASTTLGDIDALAALK,VEILEDGPIK,VVEEFENEK,VGADLYSMSAR,DASATAVFGIR,VLAADGQTAVPGMPK,IAGVNVTSNDGAPGSGAQIR,TLADEILPQLR,VAGEDLTISR,NAFTSTTVTGNNYPK,VLTVDVNGQPYR,YFDDPSTITEEEVMR,FASYELVPTDVQTK,SYLPVYQINNQGDSR,SYHVDIVDTQTK,VAEFDDALMEK,EIEPLLGAGLIK,NLPFMTQDELLIK,VLSMYNDPEQR,SQAEMVGDNYDK,TDLSTAGTPQGSEYYK,DVYDAIQDLQEDAK,VAEFDEALMEK,IADGVIATSELPTAASSNASYANDAFQR,LLDMPDSEYK,SELYLDFK,TLEEAGAEVELK,AGDTITVAYR,AYNNLGELAFAAGDAAK,VTVAYGAVDPATLTAASGAVPAQAAPAPVGEGK,AAALQPGEVLLLENLR,DLTGSVASVTGEK,TPPVAIQLLEAAK,SVDPSVAEEANK,LNTLTVGYTFPK,FIGGASSGFDAGTIILR,GPAATALYGSR,WAIDVEAR,ATTDPGEYIYDYEGTR,ADFLEDVK,SSFTGAASTVGAK,IPGEANELNVELEK,GSALGALNGVPQWEDK,GPIASIYYQGLMR,EVGTIDILVNNAGIIR,WGNFWSVGGK,VGTSSLNTSLNYADIR,VTVAYGAVDPATLTAASGAVPAQTAPAPVGEGK,ATGANAAGEALGNLYIK,PAYDYIIR,VGDEVEAVILTLDR,VEDSGISAGIYAPTIR,LYGGGGYGGTEK,IGTINSNDNR,FFEVYGFVGPQLSVAK,NELAQSQFGK,ANATTPVEAENK,ITGTVTDAMGPVIGANVLEK,IEQVATISANNDPVIGK,GASAVVLYGSR,RLPPPPENK,FNPALEEEGK,FFEGNPQDNYPDSLDK,VAVKPVVRPVSAAPAAPTAPVVK,GYASNAASFEDTAK,EFTGTFTGK,AWVGGYQEGQR,PVSAAPAAPTAPVVKPAAASTGK,VSITGFTATGATDLQTAK,TVADLLGAEYVLDIDK,AMGTANTDWQDLIYR,EILVNEGDSVNSNQVIMTLDVIK,INNPNEFWSVSR,LVVDVTPLGLGK,VADVTLVSK,VQFQVPQGTELEK,TVTGEDVSQENLGGASVHSTK,VFDSGASFTGFGMANR,INAPYTTSR,VAIGDIEDNIAHVEVNGTPYK,ITAPAGEGQEVAAPLEGK,DASSAAVYGAR,VVALEQGQTEK,ATFGDSSPLIQVDGVER,YNYSVDTNSGNELGFSK,TGGSIISSQK,GTTVGTVTDMDGK,LVVYDGANDLAK,AAAAGENEEWSLDYPK,VQGNDQTISYK,ANAIAPGFIITEMTAK,LITTEYTADGK,DFQPVVDEAVALFK,GQSAVFQGEK,FFEGDPQNNYPDALDK,LSPENAAIYASLPEGVAR,EVFVEAGMK,LEDSLNEIVPDSPNK,DAIAETEFNQR,ASQDFLWGYVR,GELYQIELQGEMEK,PIVMEVPVK,NVDELSAENEAK,ASYGTVGNQDIDWYAAR,ITEDNVQAIALGTDK,YTAQDWDGFQELVSK,IQQVGDISPTVVAGGMK,LQGDDLVVNFSQTK,IEMLENEDLAPLVDQK,GLSSYEYALAR,FEQALILPEDVVK,GSGNVSTTLQVENPK,AEAEANAEADK,AQAVYDALVAEGVK,AIYDEENMK,AYYHETVEILEEK,FFDGNPQDNYPDALDK,LTGSIDAYK,NAQETALQVGDTVK,GIGSISGSTQPLYVIDGVAVVNDDMTSGLK,FASEWADIISFGK,LRPLIESFGGVEK,LAEGTAPSVQVAPPNK,VSSFYVEDGSYLR,EQVEEEATAQNIVEK,FYAGFGYNK
homo sapiens;EEDPGVLVGVVK,EIETYHNLLEGGQEDFESSGAGK,ASPTSDFASPTYDLIK,TMVCAGGYIR,EITEAAVLLFYR,IQIGNTYEGR,GGSGGGGSISGGGYGSGGGSGGR,VYNYVDWIK,AGVETTTPSK,TLLEGEESR,TAAENDFVTLK,LGENNAELNALAK,TLNNDIMLIK,LTGLLDLALEK,LQTNGAVPDVLQQGR,LPVVLANGQIR,WLQGSQELPR,AEAESLYQSK,EFVAGFVQFR,WELLQQVDTSTR,ISISTSGGSFR,GGGFGGGSSFGGGSGFSGGGFGGGGFGGGR,LWTNGPIADK,ASQHGSDVVIETDFGLR,MAYLQIPGIAK,YGFLLPESQIR,LGEHNIEVLEGNEQFINAAK,GGGGGGYGSGGSSYGSGGGSYGSGGGGGGGR,LYTNGPLPDK,ELTTEIDNNIEQISSYK,VNTYYIVGLQVR,VVNGEDAVPYSWPWQVSLQYEK,VIPSTGDSEHLFR,TVAAPSVFIFPPSDEQLK,LVGLLDLALEK,SYSCQVTHEGSTVEK,WNWWGSSVK,VDNALQSGNSQESVTEQDSK,SAVQGPPER,FSHSGNQLDGPITALR,DSTYSLSSTLTLSK,NVAILIPETWK,VDVYIVGTDDDFIEK,DPLNETVVALYQK,GFSSGSAVVSGGSR,PQGPPQQGGHPPPPQGR,LANPVSLTDK,AHFSISNSAEDPFIAIHAESK,DASGVTFTWTPSSGK,NWDAGFGLSGASSNPCSETYHGK,DYQELMNVK,IAEYMNHLIDIGVAGFR,SSSYSGEYGGGGGK,IPIDDLTMVVYDPDK,VYEVPVETK,VYPLFGHYGR,NNLEVEDEEGSLFVGVDTIHVHK,SGGGFSSGSAGIINYQR,AIYQASGSTIDWTYSQGIK,GSYGSGGSSYGSGGGSYGSGGGGGGHGSYGSGSSSGGYR,SDLVNEEATGQFR,TSDVVVAGEFDQGSDEENIQVLK,VSTISLPTAPPATGTK,AAVTALASLYGTK,DVNDNPPTLDVASLR,VVHGEDAVPYSWPWQVSLQYEK,HETQEVLIK,LAEYGPQGR,AQIINDAFNLASAHK,YENEVALR,ENSLLFDPLSSSSSNK,LNDLEDALQQAK,YGFLLPASQIIPTAK,VDLLNQEIEFLK,YEELQVTVGR,SLLEGEGSSGGGGR,VSAYIDWINEK,FIWYNNVINPTLPR,DASGATFTWTPSSGK,VTISVSDPYIQVQR,GGSGGSYGGGGSGGGYGGGSGSR,FSILTVNNDITLLK,LQQAALPLLSNAECK,VQALEEANNDLENK,SLNNQFASFIDK,FGQGSGPIVLDDVR,VNGVLTALPVSVADGR,DLTYQVVLGEYNLAVK,RPDNQHVILKPGDFK,DNEETGFGSGTR,LAEHVELSDTIQVACLPEK,SQYEQLAEQNR,NLDLDSIIAEVK,FEMEQNLR,GTLKPDSTHSNEFDSDVDVGDLQMVK,SGGGGGGGLGSGGSIR,LQQGLQPVVDHATCSR,NGDLEEIFLHPGESVIQVSGK,ISLPVIGLDEILK,WNWWGSTVK,TFTCTAAYPESK,DLGIWHVPNK,TGSGDIENYNDATQVR,SEYMEGNVR,PFIYQEVIDLGGEPIK,SAQLGDAVQLASLPPAGDILPNK,FSGSGSGTDFTLTISR,TLLDIDNTR,GGCITLISSEGYVSSK,PQGPPQQGGHPRPPR,DVDGAYMTK,WQVHGIVSFGSR,FSSSSGYGGGSSR,LNDLEEALQQAK,VLICDSSDHQSR,GTSVLTVEAVDGDK,LTIESTPFNVAEGK,TPCYITGWGR,AAPSVTLFPPSSEELQANK,GSSSGGGYSSGSSSYGSGGR,TASYYSPYGQR,VLDELTLTK,DYPCYVTGWGR,NPGYYDIQAK,NQILNLTTDNANILLQIDNAR,TGYTQASQNIR,EIVLTQSPGTLSLSPGER,GSLGGGFSSGGFSGGSFSR,SMSSVYLQCK,YLDGLTAER,FANSEVEVK,FSTEYELQQLEQFK,TMVCAGGDIR,NADLQVLKPEPELVYEDLR,VFDGTSSNGPLLGQVCSK,LASALDYETLYTFK,HGGGGGGFGGGGFGSR,VSALVDYER,VLEGNEQFINAAK,YEELQITAGR,PGWFDIGADGVIR,VSYVGLVTVR,FYLDTGDASNFAR,TEPVPDQDELDQLSK,RAPAFEGR,YAASSYLSLTPEQWK,DSGTSFNAVPLHPNTVLR,SCVACGNDIALIK,STMQELNSR,GSFTSSSNFMSIR,DDTYGPYSSPSLR,DIENQYETQITQIEHEVSSSGQEVQSSAK,SPYSYLQNPQSER,SGTASVVCLLNNFYPR,RPAIWIDTGIHSR,SVIGTTFEGR,DQIVDLTVGNNK,GGSGGSHGGGSGFGGESGGSYGGGEEASGSGGGYGGGSGK,TPLTATLSK,LIDAVGFSPLR,THNLEPYFESFINNLR,SYLEAFNSNGNNLQLK,EIQVTELLDK,VSVTLSGK,EPLISGWLFFR,VGEVAEVIFVGANPK,LPVSLSEGR,NYSPYYNTIDDLK
faecalibacterium prausnitzii;AGAQNIVPNTTGAAK,VQVGLTYVYGIGQTTANK,MENEIVAPQDGTVASINVHK,AEDNPWEQLK,GDPENIDAQYR,DSTNPLIGIANDYVAEGK,ELMDAVDTYIPNPDR,TAVQSGNVDDIK,YQALLANETR,LAAEIMDAANNTGNAVK,YVDSDYALDVK,ELLSAAGYTQDDIK,AAAGAAGAVAVK,ASVVAALELLSTK,LSELTDDSSAK,VEIAQAVEVLFPGAK,ADIGLTDADLAGQYQYTK,IVDEFDYNR,AAESGEVVEGDVTEFNK,ASGTYEPLDESK,NDGGSIAEITGK,TVVFADDDNVVGENAK,VGAPVVEGASVSAK,YGAGAVLLKPAAAGTGMIAGGPVR,IYPGATAPAVTDFNLEIQDK,GAGTMLTGDDTAAQLAGILAK,AEIDASDNIIAATNAK,GDDTAAQLAGILAK,EFGGSDTFATSQILAAAVNK,EMLDEFSYNSQVK,YLYYFSEGNDAFGGDK,SLDFAEAGDNIGALLR,MINTYADGK,LIDILKPSNK,IVYEAFSMIQEK,ATGTGTYQEVFDTVDYDNK,DMGYAVTIVDGK,VATLTAAQVEEIAK,SAATNAQLVAEDIAR,VPGAGTAEAAAK,VADAGTAAAAAK,GVNPETEEEETRPSSDDAPFAALAFK,ELLTAAGYTQDDIK,LVEIQSFR,VADAGSAAAAAK,YAVIVFEAAPK,AAPAPAAAAAPAAPAAPAAAGAVEVK,APAAPAAAPK,VLQVSPSENK,FNDYYPEVSEIAADK,VEFGVSYVSK,ATTPAIFPTHTEAFAEVVK,EYIPAIDNGIQGAMK,EAGVDYMVVK,ELSPLAPLHNPAGILGIEAAR,LDVEADSEVK,AATSESFGYNEDQIVSSDVIGMR,MGFVIPFK,TFESQVYVLTK,DTPPSSIFALFK,FDQVLAIGEEGSVK,NIADQIIAGR,DVFGIEAEATDIYGGK,LYGELTSDSFALK,VIVEGQNMVTK,VDTENNLIAVK,INTLPLVDAEGNLK,GITINSAHVEYQTDAR,ADAIVAAITPGLK,NDGASIAEVTGR,AAAPAGAAGAVTVK,ILAATGINPDTR,GTIVTLANSVK,PAAPGTGMIAGGPVR,LALDANDEVIGYQFVK,VEIAQAVEVLFPGVK,IAGIFEWDSAASK,VVLANNNYTEVASAVLAAVGGK,LSTTITGLEMFR,SPLVLLGLEGK,YSSALDDANK,GTAVNVPEWDASK,LGVVLDEMAAIAGDSVK,VEAGTTVYNSVK,TTFAGSVNTYDVLNADK,GYFYYIVEQPK,VASLTAAQVEEIAK,LGAVLDEMAAIAGDSVK,AAAAGCTESAEILK,AAFEAVDQSAIR,DIYLVGVDALK,VEQYYWVDYVK,ADIDYGFAEAATTYGR,IAVADTNFYISDPETGK,AATSESFGYNEDPIVSSDVIGMR,DVEEAAAAGNK,LPAHAIGQAAVNSLR,ELLSEYDFPGDDTPIIR,PAPITAAAGTK,DVEEYYWVDYVK,IVYLGNIGLK,FTLGITDDVTGLSLPEVK,AGLAAAQAAGAVK,YQDALDEENKPGFTVGEEIK,NNYPIGSTFHAPVVSLTK,VSGPIPLPTDR,EAVQNVVDGK,GELYGVDLGGDVIPLPK,VGAPVVEGATVTAK,VEQGDIVYIEK,ELLTEYDFPGDDTPIIR,LDEITAEVEK,AGISFPTTLDELMAAGK,AQLASDMLNYQIK,GTSLEGLAEQFK,NDGASIAEITGK,IVDNTFGPDDR,YLELTEGYINK,LHTGLTADATHLDIDTAK,ILEATGINPDTR,TPNQQLAEK,EVAAESEQMLK,KGELYGVDLGGDVIPLPK,AAGINTASGKPNK,KGDQYSVDLGGDLIPLPK,TAHDIILKPVITENSMAGIADK,YGVDTSMITR,TGDNVMIISGK,ALLQQSDENR,VATLLGGLLNMK,AVFYQNGTWAYNDVK,VDVPASWSNPEADPAPK,VGDELDLIVEK,YADALDEENK,TGNDAVAEFVGK,LQSYDAQLIDAAAEK,EAGLNDVVLTGGR,TLEEGTATYIAFQK,VMDAAETNAIAK,GVNPETEEQETR,ATPAPPVGPALGQK,LTYEVPNAAR,VGDAMEIVGIKPDR,LEDVSAMNVGDVLK,VSGGGVSGQAGAIR,LALLSVLSDK,FGGTLANVPAVELGSIVIK,VTVTVSADEAALPHDVK,AGITEVPATEDDLFAAGK,YGAGAVLLKPAAPGTGMIAGGPVR,VGGANYQVPLEVSPAR,EMLDEFSYNSQLK,ALLQQNEENR
enterobacteriaceae;AALIDCLAPDR,TAIESALTALETALK,TQTAPVATPQELADYDAIIFGTPTR,VGGVATYR,VVAAVEAQLK,SVDGDQTYMR,GALSAVVADSR,INEGPYQFESEGK,VEQAFELTDASAER,ATNLLYTR,IFEDNSLTIGHTPLVR,NHDTGVSPVFAGGVEYAITPEIATR,NQYYGITAGPAYR,LKDGEDPGYTLYDLSER,DIALGEEFVNK,YVDVGATYYFNK,YLGGEELTEAEIK,GFEMDFAELLLEDYK,LADSGLNIIAAK,VGSLGWANK,SIAGGFPLAGVTGR,NAEVWAAGLK,FGQGEAAPVVAPAPAPAPEVQTK,LIDQATAEIVETAK,LINAVQDVYLDSK,ISELSEGQIDTLR,DGEDPGYTLYDLSER,IFTEDGVSIPVTVIEVEANR,FTAEGVQEIDYK,LTSENPIDLVR,TDDQNSPLYIGNGDR,ATSTSGDTLFQK,AQSVVDYLISK,NMSTFVDYK,VDQLSNDVNAMR,DHDTGVSPVFAGGVEYAITPEIATR,IQGIGAGFIPANLDLK,DLSDVTLGQFAGK,YNPDVDDAPR,DVDGDQTYMR,FTNTSGFANK,YQGEYVAGLAVK,LMEIAQQQHAQQQTAGADASANNAK,NLTSQMVEYGQVK,GPLVVLVDR,GTLGQDVIDIR,DGYADGWAQAGTAR,VIEESLQALQER,LAEVLAAANAR,VGGSTYQVPVEVR,YAIVANDVR,AVQLGGVALGTTQVINSK,INLLDDNQFTR,AILAAAGIAEDVK,SELEAFEVALENVRPTVEVK,EEAESFMTK,KDVNPDEAVAIGAAVQGGVLTGDVK,LTWGETWEGALDEIR,GAVPGATGSDLIVKPAVK,LVDIVEPTEK,LDVFYDLYNLAQK,YEEDNSPLGVIGSFTYTEK,INALETVTIASK,FQDVGSFDYGR,PSVLALNIQR,FQTTEYPTYK,APVVVPAGVDVK,TLLVTTGSEAVENAVK,VDGLHYFSDDK,LATSSAEAMK,SGLNAENYENFIQTDAAINR,AGPLAGYPVVDMGIR,DGSVVVLGYTDR,AAAFEGELIPASQIDR,YADVGSFDYGR,AGLINSGGAAGGETDLSDAVR,FTGANTLEVEGENGK,ALVNAYEGLFGK,LPGILELSR,ITFIDGDEGILLHR,GISYETATFPWAASGR,NAEFLQAYGVAIADGPLK,LGADGNALFR,GFSGEDATPALEGADVVLISAGVAR,GMGESNPVTGNTCDNVK,LGYDEFLGK,ATLKPEGQAALDQLYSQLSNLDPK,EGDAVQLVGFGTFK,ALGANLVLTEGAK,ATVELLNR,KAEQWATGLK,TGIAFDDSPVPAQNR,VGDYTVAIGNPFGLGETVTSGIVSALGR,FIGPAGLLAAYR,GVTPDIIMPTGNEETETGEK,VITASDSSGTVVDESGFTK,VADGATVVSTSTR,VTVQSLDVVR,VQNASYQVAAYLADEIAK,YDEAPSNVAQAVIEAR,VDGAEVVVK,ALLNSMVIGVTEGFTK,ELAAAASSADEGASVAYK,LGYPITDDLDVYTR,ALVVGEPTFGK,VIGITNEEAISTAR,IDQLSSDVQTLNAK,YLSLLPYTDR,AAGLHLQESIAEQGALR
eubacterium;VTVLTMGLPK,IGGATYQVPIEVKPDR,AGGTVTEVEEAGK,AAGYDFSGDK,VNLDPTESVNYLMEK,NYTITVNGNVYDVTVEETGSTPSTASAPR,TPAEAVAMIDPR,VIASAANIPTVK,IVDAIPYGVR,LIEVIAGLNTPDEMVEK,TEDFNTQLNDSLK,DAGCDLTAGQK,PSMWEAIGGLAK,KQEEVFNEQK,GLGAGAQPEIGQK,YGITGTTEIVHNPSYETLFEEETK,LAAFLGSEDAQLAHFK,VADESTYIIK,ALVVLNDMDEK,TTQTNELNVFDVLK,PVLLEPIATLK,AAEESAEELQAAVK,YIDIATGEYESR,VNATAGAAVK,LQESVDALDGFGLIYAK,ADGQYVTGASAYEK,GSSTYELIFEDAR,AAAPAGAGSIK,DALLENVTVADDGK,KPGAPADTTVK,LLDEAQPGDNIGALLR,AGSYVLNATK,AAEVIEFNPALEENNR,YDSSQGTYEK,LLESAIANAENNYPEK,EQYDVADAISIVK,VQFVADEFSK,SPQWTGGGVVFAPTPR,AIGIIINNPEFADVR,YVTSSESDAK,LQSSVSSAAAR,AAAPAAAAPK,EVEGIVGGAGAR,IDGANAAQIFFK,AGEDSITVDGQEIK,AVLSNNDYTAVAK,SIAQQQNTQFK,MGLSAPFDTFTGDYESK,KVTVYETVEK,YLVYAAAMK,VPVSLAAGTEVK,IEGMEDISGGK,VLAGEFGQTIKPFNPEVQK,SPQWTGGGVVFAPK,GPAWSNSLFEDNAEHGLGMEVGQR,LSDIAFELVGK,VGEPTVAGATVTASVVGEGR,AQGYEIGISMLDETK,LQTTIIYVTHDQTEAMTLGTR,DEDAPIFDVADYGLVGDLK,VWDMYTNTSAADK,VATDINEHVDDINK,LAAAQAAIAEQAK,ASVDAGTVAADK,FGGATVLLK,VTFDQVLVVGGDDLK,VGDPTVAGATVEASVVK,NPQTGAEMTIAASK,DFFGALTPGLAK,AAADVYMFANDQLEPLIK,YEQAPDDVAAK,GTAVTVPQWDPEK,VPLEDVTEVK,ANVEPTTALIAELEK,AFTDVVAEELK,VGTVVSSHVIPR,ALLQVDSEYRPVLK,TETYNDGTTPLQTIR,AAAPAGAQGAVK,ADLVAAMAEK,EALGMIETK,AVGNVENIMDAK,PGDEVTFAMDVER,TIIDASQLELNDNVVSIK,ANPDFNIEFK,EAEAMTEADVAELK,LGNFINDDAVLTK,YQVELPEAK,FENASEYSVK,NAFANVASELAK,DATSVIASAGSK,GYDIIEDGAFK,IVVETADAEIAAANADIK,EYIPSIGEGIEEATK,LEIGDFPINAMPGQEQK,MDGDSLPVSAFADK,VSATNEINTYDVLK,NDAESFVFQTEDALK,VMAWADEFR,YFGGEEFSDDEIR,SVNEALAIVTYNPR,YIGVPVEDINYNQPASLPYK,ADFLAPLTEYTER,VDVENNVILVK
ruminococcus;LNSNMGVVDGQWAVK,SVVSGVTASAAK,VEDGVYSYTLDK,ALLQADNDYRPVLK,YVTDGTLTVPELAK,DFGATLVEDYNLR,TNQWSVYDTSPLQVK,VNVYVQSSDNSTINK,ALLQYDTENLR,IDNELTAAGK,IIEDSSLNEFTYK,AIAEGETSSIVTPK,KIEDINSFEK,VGASTETEMK,VIGAGTQNNNPGEGDVR,TGAVLLTLIER,IGTGAEEHTLGGETVLFR,LTTVEEFEEATAR,APSAQEAADLVK,YDTAQGGYAGK,AEIAATSAYK,FSVTNAQGGTSTLSDFSSAK,TLDFAEAGDNVGVLLR,GTLDAQGVSGR,ASAAYAEATTVK,APQDGTVATVDVAK,APFAPVGK,VSGGGVTGQAGAIR,LTGAWPGVALTEK,MIEESPSPALDEK,MALSELTIDGIDINR,KDVEDVLK,DASVTATVVENGK,VAASVGQAVK,AQLYNFGISK,LNQASVVNNSK,TGAPVVGFYDSVGGR,STPFAAQSAAETAAK,YNGTITEVEEWGK,VAIDQSSPQK,LGGQVVGIVVTK,VEGATYTEGK,TVNAPIVGVFYAASAPGK,LLNETISNVR,EYISLLENSSLSVLEIEK,YVDAVTGDVK,LVDAGVISQVAFK,IGENLHTVEAGEGSIIVDGK,VEYGQPLFR,TGTNLLFYK,APMPGTVVNVVVSAGQAVK,TGTSALADDMGFVIPFK,FQNATNQLENTSR,VPLQEVAELK,IEGSIVDDSYFGDEGTDSKPVTLK,TAIANILVDEGYIAK,APELDAQLVAESIAQQLEK,TAAEGTYESTLTAEMDK,ETTPEFSVGDTVK,YVEVYVK,EETIYFVMTTR,VEAGVLHVSDEVEIVGIK,YVAEGANMPTTR,APVILESMEFPDPVIR,VGAPIEADTNVTAK,ALGDNFGAAK,DPNAPEYK,VYSGTVSAGTTVYNSVK
faecalibacterium;AEKPQFNVGDTVR,DAGTIAGLNVK,FNDYYPEVK,ALAEGGLPAAEVTFR,LLSIPFTFENR,WTINANENNNYQNK,DIVSVDGSQR,APMPGNILDVK,NEGAPIFGVADYGIVGDLFK,YGSLFDATQTMVAK,APASAFVEK,TEVQGAVEIITIDRPK,NPVQVNEAAGFVVNR,IPAVYDAVK,YGYSPITR,KLDEAYNYVK,NVITGSVVETSYNPTAK,AAMPEAGPVILEPIHTLK,NVTAGANPMDIR,ALAALNAGLK,IGVIGAGTMGQGIAK,FGGTLANVPAAELGSIVIK,VGTISAGDPEIGR,SLGVFHLDGIAPAPR,DATVLAAVSAIDK,GVLAGYPVVGLK,TGNTYVTEHVVGIGK,KADAAIDANAADK,IIADGADEQAAVDGLIK,LAATYADATTAK,MLSGFDDAYR,EVLESIQPVVEK,VVLANNNYTEVAAGVLK,AAVQEGVVAGGGTAPINAIPAVR,LDEALLSQDSAADDDK,MENEIVAPQDGTVASVNVNK,ASVVAAFELLSTK,ENVSSVDYCATR,LIEVIAGCNTPAETVEK,VAPGNSSIFVGNK,AFAQVEGNTVALCDIK,NANEPEFLQAVR,EVAAEGGDILFVGTK,KGDTVFDTDEGPR,KVDAEEYFPK,VFPINSPFVEK,VTLVYAEVNPLDTIVGQTATHFK,ESSTIDLSK,AEGVPQEIVDGLR,FNDVAAQAAAK,IGLVNAVYPQAELMENVLK,VPLFINEGDHIR,EQNITITASTNMSK,YSVEAAQAK,APDFAVIVNAATK,AAGAAGVIRPDK,DYFTGNVDEDTAK,ELGGYGADK,YVDSDYVLDVK
blautia sp. cag:37;IAVGDVVEGTVK,GTPYDTGLDQNK,NEETGELEEVQSIDSK,MIAGLEEISDGTLK,ASATESFGYNTDEIVSSDIVGMR,AFAGTAFESLTK,SVEGMTDATAIQK,EDLANLIIIGSEEAVK,YALADTVTSDEDSITVDGK,IAESMIALAVK,GYIAEGEVLPVATR,LTPEWIEADLEALK,YADLLEPELPK,DVDGITDGSMVGVFAGTK,GGEGGVALAEEVVR,AYGSAYVVMNSK,GDFGISFSQYPR,VFIPASLVSDVYEK,FGAEYDSSAADYQYGK,IMYEGSDAATINEK,YLDDDIPSVDEMK,TETADSTASTGGSVENK,DTDKDFIMPVEDVFTITGR,VALYGIDYLIER,YFDNDQNVVLIR,LTTDDSGEAVNPVLAER,MDLSNLQPAEGSR,EIVGINVDALNR,DVTTALGIVTYNPR,VEAGVLHLNEEVEIAGLK,LEMVSGVVEGNYYDK,MLGVEVDEIGYNQPK,AEAYGPMTQGIAAPVNDLSR,YELSDEGAFQNMHITLK,LLDDAGIVDTDGDGIR,AGTVDYVNLNTSTMETAK,VMAQSYGYDISEPAK,DVLTELISATGSSLK,AAEYATLQNNVTSAAR,FDFDFDLVSGR,AVIDGGYDGK,ENTVIVDGAGAK,AGMEALANVPSR,AVQILAEMSQPVAGK,GSNIQIGAENMYFEEK,AGFVLDAIR,SYIADVVAQDDSTVVFK
bacteroides plebeius;NSVLTVSYLGMTPQDVK,VDELYEDAYR,DNNYATSTLYEQDSK,DLLGGVSSVNVEELMK,DEVYLGER,YYSMLDLVTDR,WTPETAETATYPR,MLTFDASFFK,SGDNPTNTWDTQFFVK,YNVGVDATLFK,ASISWDNVFYEQNR,NPANQAEAER,ASVVGAITQTSSK,AALLAASPAFAEGSK,AATFGAAGTGADGAGR,FGSTTNSYYDAAR,TIDTSVDNTSNNDGLNK,YPDVNLYSDDYLK,GNTGFFVPK,ATINAGGSMALK,TSFSITPDVGYNLSEK,VLDANDEPLIGAAIVLK,GNIDVNLGQYVK,GLGFDAQFQGTGR,AYNQSDVTAEISGGSEK,TALVQNYALSVAGGTDK,GVNSTDQALYK,LELNTGAAPQTR,SAIANEATPAEYK
ruminococcus sp. cag:57;AYDVAVEEVGGSAAAAPVAAAPVAAAPAAPAPAAAPVADGTK,VAQPAYFPNK,VTAPMPGTILDIK,VNTAELHGVDSSEDSK,AEQQGLTVMTTEEAAK,PFVSVGDK,AGNNTGINNSSDR,DAISDLGAVYGASFTIK,IGSQEFNVSAAPGK,APIVGTFYAAPSPDSK,DLGEITIADGDK,DYFLGTVDSYEAALENFK,IAEDVLGTSDPEK,VLSVNTTK,LNVSDDLLAIGR,MVSGFDDTYR,GLVDLVDSGFAEGAR,IYGQFDLETIEK,AITEGEQDYTNNK,VLGADGNVLFEAGSNK,SSAAATSSTAAGTTSSK,LNWVQVENEGNAYQTK
alistipes;SSQFVALVK,IGSVIGSVDQVK,PVFTDEYFLSK,AAGLSVTPTTAAPSAPK,LEVTAANLTEIAYLATPK,PFNPLTDELPK,ETPTATIVFATGVK,FAGTTFTPGK,GVDVDTYPNTR,AAQAAAGGPGLQVK,NSIQSGLGIMR,ELEISVFGK,LAAGLPPLVTPTSQIVGAQAVSCALDEK,KPQVVPAPK,SPLPGTILSVNVK,FGTGSASELFQR,LGIDTGVNMEAVAK,YPEIGFFGK,AGILFAPGK
bifidobacterium;ALIDYGFFEAK,AEASSADEFSALDMALDK,INVAEGQQVAK,IGEDTVDLPAEAVNK,VTAIAPDAQR,IQVPDGSVTELTTVLNK,VSLTVPNDIVANLTGGAK,VLHEEYPDINPAYDFNQIDAAPEEQQR,NAAAQIEAMK,AAEILDLTEYLDR,AEAPAEAAPAAETK,EFEEQQAQQGNNR,DETTPTVVFGVNHEILK,LGVLQQVGAPTELYDR,LGAENYVFWGGR,ELIEGSVVEIAAK,YSNAEDEALAK
ruminococcaceae;AINDGISLPIEK,GFQLAMATLDGGR,SISAFQNTQFELAEMK,PLVGMHFFNPADR,DSVQHPLYK,DTAVGYLMEK,FGAPVITNDGVTIAK,NPAVFLLDEPLSNLDAK,MIAGLEEISK,PATFFIQK,VGVVVSDK,ALNALNPEVLADLK,AVEAGYWNLFTFNPANK,EVTVENQVGLHAR
ruminococcus sp. 5_1_39bfaa;FDNAAEYTVGQEIK,EGTVTATFK,GNEFYVNAAK,VAGNVVENFEDIDK,APSMEDYQAFLDGEVR,AADELGVTYK,VFSPWSNLK,VTQALEEAYK,ALNENDAADTTEIK,ADIFADGDHIDATAVSK,ALAMENLEASADEQK,VAGNVVENFEDIDKAPEER,LTGIIPEDQAIDLMK
ruminococcus sp. cag:108;IVYGAFDIIAEK,VIFNDGSNQTK,FESLDAYENYQFK,AVVEAVGIK,ATLAGLGALR,EHPAQQIFNASPIGAYQPTATDVPAPAPVQPQAPAAQSAAPEEDAK,ITVNGTAYDVQVEELGGSSAPAAAAPAPAAAPAPAAK,MTSIGGNIYQYTASK,LAGEILDATNSAGGAFK,VNAIVTDADGK,VDAEANYMTETSEGSK
dialister sp. cag:357;FTMEEPPVEGLLK,GAIATIGGEK,YEMAQIIAR,IDLFLGQTGLQYDDEFK,YWLATGDVVLAK,LNNITKPDAEGNR,LDAYNAEYAK,DMEILFDQIDLGK,FNVGVLGTATESDGINNR,NLYTPLDLEGFDYER
dialister;EDQLNAEQR,VGVAIDTLK,LAGEYADELANLGVR,GQVNDSTYVQGR,EEDVSSYCIYPK,LGIPYGGFPEK,FHTQTAGSMLTAQQPNNNIVR,GANTVGYTNYPENVVR,MYAGFATAEESNK
lachnospiraceae;NLDSLLHPQFDAK,EVVDFVK,LGAPTGFEVTVR,SLGMDPVYLGIDK,LIDIIAPTQK,VPGNTAENFEDIDK,ILDLEPLLDR,VGFLNVTADQAK,YYDVLEEVPR
bacteroides plebeius cag:211;VDINATSNASGASR,LSAQNQPAAAAPAAQAPAGEGK,IDSIQHAEAVEAINAK,FTLEADQVVFK,NPDAYTNYLMAVVGAR,LAEQEGVDIR,MGELSPDYFTTNPEVLEAIGGK,VYDYGDGVSSPSSR,LTYATEGFFGR
eubacterium rectale;AAEVIEFNPTLEENNR,GIIDAILSGDILNAPTK,TTLTAAITAVLAAR,ETITVMGPSEDLDDAK,VMSGAQAEVR,LNIVSEHAYSDGLR,LGGEAADYVK,DLVTNEEIAADPVAAAMAK,VLADMAVTDAAGFAK
roseburia;AAAPAGGAGNVK,VGSDVANASVEASVVK,AAAPAGGAGSVK,AGGNVTEVEEAGK,AAAPAPAAAPK,AAQYDVAEAISLVK,ALLNVDADYRPVLK,IESSVGASVK
clostridium sp. cag:75;VENPVTDAASTTVETEK,IVTAPIVGTFYR,ADELYYYYPLINK,AGTLAIVGLSK,AYDEALWATK,PSEKPNVTPAPTNSPAPTK,FADDTEGPEVTPTPEPTDAPK,YNLLSIATDLSAK
bacteroides uniformis;LDASSGLNEFSK,DLQGQVDGLAGDVK,VTTEYVGVVNR,SVLNLGDLVVLK,YGSATPINLR,TGAETLLTFDSK,ISYQSNDVAK,AVIEQDLLSNFYGR
firmicutes bacterium cag:56;AAGAAGVIRPGK,YALADTVSAGEDSITVDGK,ATDLANVGDVVK,TYTITVNGTAYDVTVEEGTGSAAPTAPK,LSNNNYTEVAK,VEASVPGK,IIATETASPSNSR
eubacterium eligens cag:72;VSVVMTDASGNTETK,SSALTAAGYNPEEVASK,DNIAAIEANDTETVK,SLAIATFGDNTDPGNK,VVVTDTVGGDAPVVTR,LVNDLLEPISK,YVFTPDAGYIPEK
coprococcus;ALNDLVPIK,VSAGEDSITVDGK,IYEGTGLEMDER,ALLEADSDYRPVLK,AGHYAVGQFNINDLEWTK,ASDVINEVHLDGDIK
ruminococcus bromii;GTFQSLDVANIASGFASGK,DAVTEANSEETVK,ADHMIVDTQSSLTYDSK,VAGAAFTAK,EETRPELEGYEVGQETELGAVNVK,PAAPAGAQGSVVVK
firmicutes bacterium cag:24;IDAAVGQAVK,AAAPAGAAGSIR,FTNQANEEAGK,PAYTPFAPGASPSYGAEK,LSAQEFIEAIK,AIVAGEVNHDNAQDK
bifidobacteriaceae;SGETPDTTISDLAVAK,IESGSLQDLIANK,ALSQVGPYDAQLK,NVVGVTTNPSIFQK,IPATLEGLPAITATLAK,LQFVGDDLLVTNPAR
pseudomonas;SRPVADNATEAGR,ADEALAAAQK,KADEALAAAQK,TAPAPTPAPAPEPTPEPEAPVAQVVR,AQQTADEANER
bacteroides coprocola cag:162;AGSDMYNTESNNK,VTDENSPYYGK,FTDWLNAEIK,VYAVQGGNYGEIWGTK,NIALNYSFPSSMLK
coriobacteriaceae;YDSTQGNYAR,ELSSPEDVAAR,PLFELAGIK,ADFTAFENIDK
dorea;AASTESFGYNTDEIVSSDIVGMR,MIAGLEDITSGELK,ATDDSIIVDGK,YLEASEPDEDGYR
escherichia;KKEEPAAATPAPTK,VSGHNEELDTSGGTGTAIVVQAAGK,EEVLLTEIR,NVSFDGTEGDANTLK
collinsella sp. cag:166;MYEIDLNLPK,EYGNQIAEAR,RVPSTPVEDTSK,IFIVAETPEDVLTLVK
collinsella;VEEPDGTAVELER,LAEIADVMEDR,DTQNTVVTGIEMFR,GSALGALEGDAK
coprococcus catus;LVASETASDVAR,FQNTQFQLADMQAK,YLTALASGEK,LGAFGLTEPGAGTDAAMQK
escherichia coli;SADQSIDFGQLSK,VVAQTCTVNTSDK,LTGCATGMNSAQNVK,AYFEPSSNIDLATHNLK
bacteroides sp. cag:875;VSVTGSITSVK,GVLVEIESIAVR,GSSLVTPTSSLTNALAGK,ANINVQGGGSR
blautia sp. cag:257;AYDHQLVDASAAK,ALLQADAEYRPVLK,ALAMENMEANADSQK
eubacterium sp. cag:76;YTVIDNVAR,PGDEVEFAMDVAR,GEYVDGFSQK
eubacterium sp. cag:38;VPTPTGSTTILNAVVSK,VTATNEINTYDVLK,GIIDAILSGAIK
firmicutes bacterium cag:65;AEFYSEGTIPLQTLR,ALGLEPSYLGYDK,AAYTPFAPGASPSYGAEK
clostridium sp. cag:277;VTSLTDGATLK,VGFTATAAK,AAVVTATTASK
clostridium sp. cag:7;EGDEDFADVK,KAEDLTEAYK,ISFTQSDEDVK
streptococcus;DGVITEILVANEEVVDYGK,IQNVEGVEVTR,DLLAQFDASTLR
salmonella enterica;AVIESENSAER,TESFAQLFEESLK
herbaspirillum seropedicae;GYSFVTTAER,VLSLYASGR
ruminococcus sp. cag:9;AGDSVIILESMK,AEEEEEESLFITSPIVGTFYSAAAPDVPAFVK
clostridium bartlettii cag:1329;VMEFNFPVK,PVDFYGSLAR
dialister succinatiphilus;FTVTVNGQDYDVVVK,AAPAPAAAPAPAPAPAPAPAPAAAPAGAGESVEAPMPGK
dorea longicatena;IEANVGQAVK,AAPAGGAGSIEVK
bacteroides sp. cag:462;FDGTIEADVENSK,AEGGTVDNNATER
[ruminococcus] obeum;VPGNTVENFEDIDK,VVASVGQAVK
firmicutes bacterium cag:212;VFSFIDNPGTTLTQPDK,VDAYMELFLR
firmicutes bacterium cag:41;GDVGAVQAATDAGAAAGSR,AANVTLIGTER
ruminococcaceae bacterium d16;LDQVLEETPK,TPAPIDPAIQK
alistipes putredinis cag:67;ISGLFNAIQEER,LYENVEADLVEAEK
firmicutes bacterium cag:124;VISEQSPMENAIK,ATELLEAVDLAEK
roseburia intestinalis;LEHTIANLDNIAENTQSAESR,AGDDAAGLTISEK
dorea formicigenerans;AAAGAAGSIEVK,LDTTVGQAVK
clostridium sp. cag:62;AGGAAAPAAPAQAAAPAPAPAQAPAPK,APAASGSAGSVEVTAPMPGK
coprococcus comes cag:19;FAADPIITDDIVEK,AAAEVAGLLNATGSDSR
eubacterium sp. cag:146;IVVPASNLVLQEAAGAGANTVETAAPAQQEPEQIAEEK,AGLTNFEYTEGNIR
bilophila;IQTLASNAFNIAAATK,DADLLVGSVLIPGALTPK
ruminococcus sp. sr1/5;AVNTAPVAGK,DPVVPASTDEMAVTVTGK
bacteroides sp. 1_1_6;VTVAYGDAELLAAPVAAAPAGEGK
blautia sp. kle 1732;FQNATNQLDNTGR
thermobrachium celere;VLPVEDMPYLPDGR
clostridium sp. cag:81;AAPAPAAAPAAPAGAAGAVAVTAPMPGK
clostridiaceae bacterium l21-th-d2;LGTGETVAFDNIDK
lactobacillus;EALTQQASGMALDPTK
eubacterium rectale cag:36;IMPSIADSATK
streptococcus thermophilus;IQDVEGVEVTR
firmicutes bacterium cag:95;LEHTISNLDNVVENTTSAESAIR
ruminococcus sp. jc304;FQNATNQLDNTSR
marvinbryantia formatexigens;VEASVGQAVK
firmicutes bacterium cag:270;TALAQQASGMALDPTK
peptoclostridium difficile;ADLNEENLEALEK
collinsella sp. cag:289;ELMNAVDEYIPTPAR
nitrospina gracilis;TTLTAAITEVLAK
roseburia sp. cag:45;VLYPVTEVPTEAAGK
roseburia inulinivorans;MLNITTGAQSK
maribacter sp. htcc2170;DFDSIDNAPEEK
clostridium sp. cag:167;TAIAEILLK
eubacterium sp. cag:86;INASAGASVK
clostridium sp. cag:632;EPVQVNEAAGFVVNR
blautia;TVAVAGNEFYVNAAK
clostridiales bacterium nk3b98;DALLENVTVDGEGK
acidiphilium sp. cag:727;GLMGEFLTNAQGEDVVAGVR
anaerostipes hadrus;ENFYTENMEDPDVLSQK
spirochaeta smaragdinae;YIGPETDVPAGDIGVGGR
clostridium sp. cag:91;ASLDDALDLFYK
candidatus riesia pediculicola;AAVEEGVVAGGGIALVR
firmicutes bacterium cag:424;IGEYEDVNEAVR
eubacterium sp. cag:192;EYFAETDETVNK
collinsella aerofaciens;ACSENIVPNTTGAAK
clostridium sp. cag:411;PGPVTPWGK
roseburia sp. cag:182;AYDHELVDSSAK